1,gene
2,PLIN1
3,APOD
4,FOSB
5,ADH1B
6,FABP4
7,PCK1
8,ADIPOQ
9,ANGPTL7
10,CYP4B1
11,C7
12,RPS4Y1
13,RERGL
14,TRHDE
15,AKR1B10
16,ZBTB16
17,MYOC
18,ADH1C
19,MAOA
20,PIR-FIGF
21,LMOD1
22,ABCA8
23,NPY1R
24,SEMA3E
25,LEP
26,ATF3
27,C6
28,ATP1A2
29,NR4A2
30,LAMA2
31,DDX3Y
32,PLN
33,SLC19A2
34,PPP1R15A
35,PDK4
36,GDF15
37,LDB3
38,TSPAN8
39,CASQ2
40,GPRC5A
41,MYH11
42,PITX1
43,NFIL3
44,NDRG2
45,LYVE1
46,CNN1
47,EIF1AY
48,HBEGF
49,CHRDL1
50,TIMP4
51,NR4A1
52,TOX3
53,DUOX2
54,PYGM
55,PHKA1
56,DIO3
57,ADCY2
58,LIF
59,KCNK3
60,NOVA1
61,GPD1
62,FNDC4
63,SFRP1
64,ZFP36
65,EDNRB
66,GADD45B
67,NR4A3
68,HSPB7
69,MYH7
70,ACACB
71,FXYD1
72,JUNB
73,CLIC5
74,ADM
75,KLF9
76,NTRK2
77,SGCA
78,SNORD10
79,FHL5
80,FHOD3
81,MYC
82,FAM107A
83,ABTB2
84,MYL3
85,GPX3
86,GABARAPL1
87,EREG
88,APOB
89,CCNL1
90,TCEAL2
91,MIR6883
92,ADIRF
93,ADAMTS1
94,TNS2
95,GSN
96,NLGN4Y
97,CIDEC
98,LPL
99,BHMT2
100,ACADL
101,CYP1A1
102,TSPAN7
103,ZFPM2
104,LOC100996693
105,FMO2
106,MT1M
107,CCL25
108,MYOM1
109,FBXW4P1
110,FOXO3B
111,HSPB6
112,LMO3
113,FBLN2
114,JUN
115,ACKR1
116,TMOD1
117,GHR
118,RGS16
119,FOSL2
120,ARC
121,TAGLN
122,RETN
123,MAFF
124,NEFM
125,NAALAD2
126,CRYAB
127,SNAI1
128,SPRY2
129,LAMA3
130,ITGA7
131,TSKU
132,RRAD
133,AGTR1
134,PNPLA2
135,SETD1A
136,HRC
137,SLC26A10
138,NDNF
139,EGR1
140,TPD52L1
141,ATP2A1
142,EBF2
143,LTBP4
144,BCL6
145,SVEP1
146,CA5A
147,CAV3
148,PCDH9
149,CLUL1
150,BMP4
151,SERPINA5
152,EFHD1
153,LOC100653057
154,PTGER4P2
155,FASN
156,ARHGEF38
157,BAG3
158,RBP4
159,ABLIM1
160,TMEM255A
161,RND1
162,MEG3
163,FSTL3
164,RBFADN
165,AKAP1
166,MTUS1
167,MAB21L2
168,SOCS2
169,GABARAPL3
170,PPARGC1A
171,CLSTN2
172,IER2
173,RYR3
174,SCD
175,PNMT
176,CORO2B
177,PTGS2
178,C6orf25
179,PPARG
180,HES1
181,IRS2
182,HSPA1L
183,ADAMTS9
184,CYP26B1
185,LDLR
186,PLPP3
187,SCN7A
188,TSPYL2
189,LINC00312
190,PDE4B
191,MLXIPL
192,INHBB
193,TPSD1
194,CXCL13
195,JCHAIN
196,MIR8071-2
197,IGKV1OR2-108
198,IGLC1
199,IGLV1-44
200,MMP1
201,CYAT1
202,MLIP
203,IGHA2
204,POU2AF1
205,IGK
206,TNFRSF17
207,IGLL3P
208,IGKC
209,LOC102725526
210,MMP13
211,MZB1
212,IGLJ3
213,IGHV3-23
214,UBD
215,IGHM
216,NKG7
217,ADAMDEC1
218,IGKV1OR2-118
219,LAMP3
220,LRRC15
221,TRAT1
222,CD52
223,CXCL9
224,IGHD
225,TLR8
226,CCL18
227,GUSBP11
228,IGHV4-31
229,LOC101929272
230,SDC1
231,AQP9
232,MXRA5
233,SLAMF7
234,HLA-DOB
235,CCR5
236,RASGRP1
237,SLAMF8
238,CXCL10
239,NDC80
240,AIM2
241,IL21R
242,KIF20A
243,CXCL6
244,NCF1C
245,LOC100509457
246,SPP1
247,LGALS2
248,GZMH
249,MMP3
250,DPEP2
251,DOCK10
252,ASPM
253,DLGAP5
254,PNOC
255,CRTAM
256,BMS1P20
257,PLXNC1
258,PLA2G2D
259,NCF1
260,TRBC1
261,HLA-DRB4
262,CCL5
263,TOP2A
264,IGLL5
265,HK3
266,CD2
267,IL7R
268,CORO1A
269,CDC20
270,CEP55
271,RRM2
272,GPR171
273,TNFSF11
274,P2RX5
275,CEMIP
276,HS3ST3A1
277,LCK
278,CD27
279,GZMK
280,GZMB
281,SEL1L3
282,ITGA4
283,RHOH
284,FKBP11
285,DAZL
286,CD72
287,CD3D
288,RAC2
289,PDK1
290,MELK
291,CYTIP
292,SEMA4D
293,MS4A1
294,TPD52
295,ISG20
296,LOC100293211
297,PRKCZ
298,XCL2
299,IGHG1
300,CXCL11
301,ITGB7
302,QPCT
303,CAMTA1
304,PTPRC
305,HCP5
306,KIF11
307,SAC3D1
308,CKAP2
309,ICAM3
310,PTPRCAP
311,BLNK
312,TACC3
313,MAST1
314,CCDC88C
315,COL1A1
316,SNX10
317,ST8SIA1
318,CECR1
319,IGLV6-57
320,FAP
321,C11orf80
322,IL32
323,ADAM28
324,NUDT1
325,CDK5
326,BCL2A1
327,CD79A
328,FZD2
329,SNORA11E
330,RTP4
331,KLRC2
332,TLR7
333,SPAG4
334,TEP1
335,TRAF3IP3
336,GPR18
337,MMP9
338,P2RY10
339,LOC102723479
340,SYK
341,FCGR1CP
342,COL5A1
343,TRAC
344,SELL
345,GZMA
346,LEF1
347,GBP1
348,WNT5A
349,LTB
350,CCL19
351,SLC12A8
352,TMEM156
353,SLC2A6
354,FCGR1B
355,CD3G
356,LRMP
357,NLGN4X
358,LILRB2
359,CD247
360,HLA-DMB
361,ERAP2
362,ALOX5
363,RAD51AP1
364,ITGAL
365,SIT1
366,GOLM1
367,DHRS9
368,CLEC4A
369,APOBEC3B
370,CHI3L2
371,TMEM158
372,BCL11B
373,PIK3CG
374,FAM46C
375,SAMD9
376,WISP1
377,IL2RG
378,UGT2B17
379,DTL
380,MYBL1
381,PPP1R16B
382,CD38
383,TNFAIP6
384,ITM2C
385,LOC100506718
386,TYMS
387,EZH2
388,ZWILCH
389,BIN2
390,HELLS
391,CST7
392,PSMB9
393,KCNN4
394,VNN2
395,LY9
396,CXCL5
397,ATP2A3
398,DPT
399,FANCF
400,RTN1
401,FCMR
402,CFP
403,APOBEC3A_B
404,HLA-DQB1
405,HN1
406,ARAP2
407,GPR65
408,FYB
409,DPP3
410,OSBPL3
411,CENPM
412,HPSE
413,SLC39A8
414,LY75
415,TK1
416,GGH
417,PVRIG
418,COL11A1
419,CHN1
420,TNFSF15
421,HLA-DQB2
422,CXCR4
423,ITGAX
424,GFRA2
425,EVI2B
426,DENND1B
427,MREG
428,PBK
429,AOAH
430,CA2
431,BIRC3
432,CLEC5A
433,CAPG
434,TPX2
435,BMP2K
436,LOC102723407
437,CCDC102B
438,NOD2
439,LOXL1
440,HNRNPUL2-BSCL2
441,ICOS
442,STAT1
443,P2RX7
444,ECT2
445,VOPP1
446,PAX5
447,LILRB1
448,FOXM1
449,LYL1
450,SAMSN1
451,TARP
452,LILRB3
453,GAP43
454,CSF2RB
455,AIF1
456,FAM30A
457,BTN3A3
458,MANEA
459,BTN3A2
460,EAF2
461,SHCBP1
462,KIF23
463,APOBEC3G
464,KLRB1
465,SCN9A
466,CYP27A1
467,HLA-DRB6
468,NUSAP1
469,CKS2
470,HLA-DMA
471,BANK1
472,CR2
473,PRDM1
474,FDXR
475,EVI2A
476,ADGRE2
477,BUB1B
478,ST8SIA4
479,UBASH3A
480,CCR2
481,IFI30
482,BARD1
483,SP140
484,APLNR
485,TPPP3
486,PLA2G7
487,STAP1
488,ARHGAP25
489,LAX1
490,LOC101930405
491,DCK
492,CCL13
493,ROR2
494,FGF9
495,CRIP1
496,UCP2
497,LINS1
498,GINS2
499,TMEM51
500,CD180
501,HOXA1
502,LST1
503,HLA-DPA1
504,ERO1A
505,PRKCB
506,COL3A1
507,ASGR1
508,DENND2D
509,TTK
510,CCR7
511,TSPAN13
512,TNS3
513,TREM1
514,DDX60
515,NLRP3
516,PSMB8
517,COL5A2
518,1-Mar
519,KMO
520,MAD2L1
521,NMI
522,SRD5A1
523,CDCP1
524,MPHOSPH9
525,MAP4K1
526,DOK3
527,BATF
528,MNDA
529,TIMP1
530,SLC31A1
531,SMARCAL1
532,KCNN3
533,LAP3
534,MATK
535,KYNU
536,DOCK2
537,CTSH
538,SMCO4
539,LOC101928830
540,NID2
541,DEF6
542,PDCD1LG2
543,H2AFY2
544,CD8A
545,THY1
546,MCM5
547,LOC101060835
548,CFB
549,APOL1
550,MARCO
551,CD14
552,CCR1
553,CSK
554,ADCY7
555,KIF18A
556,ST6GAL1
557,MGC40069
558,FGR
559,ALCAM
560,TCIRG1
561,NDP
562,MIA-RAB4B
563,ZNF107
564,ITK
565,CD300A
566,VAV1
567,RMI1
568,MSX2
569,CORO7
570,CXCR3
571,VAMP8
572,ARHGAP4
573,KIAA1551
574,CCR6
575,CYFIP2
576,HLA-DPB1
